"signature_date";"system_object_id";"global_id";"ALFA3";"SHORTNAME";"FULLNAME";"ALFA2";"CODE";
"21.09.2016 15:25:59";"040";"273329414";"AUT";"АВСТРИЯ";"Австрийская Республика";"AT";"040";
"21.09.2016 15:26:00";"148";"273329415";"TCD";"ЧАД";"Республика Чад";"TD";"148";
"21.09.2016 15:26:01";"174";"273329416";"COM";"КОМОРЫ";"Союз Коморы";"KM";"174";
"21.09.2016 15:26:02";"266";"273329417";"GAB";"ГАБОН";"Габонская Республика";"GA";"266";
"21.09.2016 15:26:03";"275";"273329418";"PSE";"ПАЛЕСТИНА, ГОСУДАРСТВО";"Государство Палестина";"PS";"275";
"21.09.2016 15:26:55";"312";"273329419";"GLP";"ГВАДЕЛУПА";"";"GP";"312";
"21.09.2016 15:26:56";"340";"273329420";"HND";"ГОНДУРАС";"Республика Гондурас";"HN";"340";
"21.09.2016 15:26:57";"364";"273329421";"IRN";"ИРАН, ИСЛАМСКАЯ РЕСПУБЛИКА";"Исламская Республика Иран";"IR";"364";
"21.09.2016 15:26:58";"372";"273329422";"IRL";"ИРЛАНДИЯ";"";"IE";"372";
"21.09.2016 15:26:59";"392";"273329423";"JPN";"ЯПОНИЯ";"";"JP";"392";
"21.09.2016 15:27:57";"404";"273329424";"KEN";"КЕНИЯ";"Республика Кения";"KE";"404";
"21.09.2016 15:27:58";"417";"273329425";"KGZ";"КИРГИЗИЯ";"Киргизская Республика";"KG";"417";
"21.09.2016 15:27:59";"470";"273329426";"MLT";"МАЛЬТА";"Республика Мальта";"MT";"470";
"21.09.2016 15:28:00";"508";"273329427";"MOZ";"МОЗАМБИК";"Республика Мозамбик";"МZ";"508";
"21.09.2016 15:28:01";"533";"273329428";"ABW";"АРУБА";"";"AW";"533";
"21.09.2016 15:29:04";"540";"273329429";"NCL";"НОВАЯ КАЛЕДОНИЯ";"";"NC";"540";
"21.09.2016 15:29:06";"703";"273329430";"SVK";"СЛОВАКИЯ";"Словацкая Республика";"SK";"703";
"21.09.2016 15:29:06";"748";"273329431";"SWZ";"СВАЗИЛЕНД";"Королевство Свазиленд";"SZ";"748";
"21.09.2016 15:29:07";"834";"273329432";"TZA";"ТАНЗАНИЯ, ОБЪЕДИНЕННАЯ РЕСПУБЛИКА";"Объединенная Республика Танзания";"TZ";"834";
"21.09.2016 15:29:08";"876";"273329433";"WLF";"УОЛЛИС И ФУТУНА";"";"WF";"876";
"21.09.2016 15:29:09";"702";"273330121";"SGP";"СИНГАПУР";"Республика Сингапур";"SG";"702";
"21.09.2016 15:29:09";"704";"273330122";"VNM";"ВЬЕТНАМ";"Социалистическая Республика Вьетнам";"VN";"704";
"21.09.2016 15:30:08";"705";"273330123";"SVN";"СЛОВЕНИЯ";"Республика Словения";"SI";"705";
"21.09.2016 15:30:11";"706";"273330124";"SOM";"СОМАЛИ";"Федеративная Республика Сомали";"SO";"706";
"21.09.2016 15:30:11";"710";"273330125";"ZAF";"ЮЖНАЯ АФРИКА";"Южно-Африканская Республика";"ZA";"710";
"21.09.2016 15:30:10";"716";"273330126";"ZWE";"ЗИМБАБВЕ";"Республика Зимбабве";"ZW";"716";
"21.09.2016 15:30:09";"724";"273330127";"ESP";"ИСПАНИЯ";"Королевство Испания";"ES";"724";
"21.09.2016 15:30:09";"728";"273330128";"SSD";"ЮЖНЫЙ СУДАН";"Республика Южный Судан";"SS";"728";
"21.09.2016 15:31:08";"729";"273330129";"SDN";"СУДАН";"Республика Судан";"SD";"729";
"21.09.2016 15:31:09";"732";"273330130";"ESH";"ЗАПАДНАЯ САХАРА";"";"EH";"732";
"21.09.2016 15:31:09";"740";"273330131";"SUR";"СУРИНАМ";"Республика Суринам";"SR";"740";
"21.09.2016 15:31:09";"744";"273330132";"SJM";"ШПИЦБЕРГЕН И ЯН МАЙЕН";"";"SJ";"744";
"21.09.2016 15:31:10";"752";"273330133";"SWE";"ШВЕЦИЯ";"Королевство Швеция";"SE";"752";
"21.09.2016 15:31:10";"756";"273330134";"CHE";"ШВЕЙЦАРИЯ";"Швейцарская Конфедерация";"CH";"756";
"21.09.2016 15:31:11";"760";"273330135";"SYR";"СИРИЙСКАЯ АРАБСКАЯ РЕСПУБЛИКА";"";"SY";"760";
"21.09.2016 15:32:04";"762";"273330136";"TJK";"ТАДЖИКИСТАН";"Республика Таджикистан";"TJ";"762";
"21.09.2016 15:32:07";"764";"273330137";"THA";"ТАИЛАНД";"Королевство Таиланд";"TH";"764";
"21.09.2016 15:32:06";"768";"273330138";"TGO";"ТОГО";"Тоголезская Республика";"TG";"768";
"21.09.2016 15:32:06";"772";"273330139";"TKL";"ТОКЕЛАУ";"";"TK";"772";
"21.09.2016 15:32:05";"776";"273330140";"TON";"ТОНГА";"Королевство Тонга";"TO";"776";
"21.09.2016 15:32:04";"780";"273330141";"TTO";"ТРИНИДАД И ТОБАГО";"Республика Тринидад и Тобаго";"TT";"780";
"21.09.2016 15:32:04";"784";"273330142";"ARE";"ОБЪЕДИНЕННЫЕ АРАБСКИЕ ЭМИРАТЫ";"";"AE";"784";
"21.09.2016 15:33:08";"788";"273330143";"TUN";"ТУНИС";"Тунисская Республика";"TN";"788";
"21.09.2016 15:33:09";"792";"273330144";"TUR";"ТУРЦИЯ";"Турецкая Республика";"TR";"792";
"21.09.2016 15:33:10";"795";"273330145";"TKM";"ТУРКМЕНИЯ";"Туркменистан";"TM";"795";
"21.09.2016 15:33:11";"796";"273330146";"TCA";"ОСТРОВА ТЕРКС И КАЙКОС";"";"TC";"796";
"21.09.2016 15:33:12";"798";"273330147";"TUV";"ТУВАЛУ";"";"TV";"798";
"21.09.2016 15:33:13";"800";"273330148";"UGA";"УГАНДА";"Республика Уганда";"UG";"800";
"21.09.2016 15:33:15";"804";"273330149";"UKR";"УКРАИНА";"";"UA";"804";
"21.09.2016 15:33:16";"807";"273330150";"MKD";"РЕСПУБЛИКА МАКЕДОНИЯ";"";"MK";"807";
"21.09.2016 15:33:17";"818";"273330151";"EGY";"ЕГИПЕТ";"Арабская Республика Египет";"EG";"818";
"21.09.2016 15:33:17";"826";"273330152";"GBR";"СОЕДИНЕННОЕ КОРОЛЕВСТВО";"Соединенное Королевство Великобритании и Северной Ирландии";"GB";"826";
"21.09.2016 15:34:20";"831";"273330153";"GGY";"ГЕРНСИ";"";"GG";"831";
"21.09.2016 15:34:23";"832";"273330154";"JEY";"ДЖЕРСИ";"";"JE";"832";
"21.09.2016 15:34:23";"833";"273330155";"IMN";"ОСТРОВ МЭН";"";"IM";"833";
"21.09.2016 15:34:22";"840";"273330156";"USA";"СОЕДИНЕННЫЕ ШТАТЫ";"Соединенные Штаты Америки";"US";"840";
"21.09.2016 15:34:22";"850";"273330157";"VIR";"ВИРГИНСКИЕ ОСТРОВА, США";"Виргинские острова Соединенных Штатов";"VI";"850";
"21.09.2016 15:34:21";"854";"273330158";"BFA";"БУРКИНА-ФАСО";"";"BF";"854";
"21.09.2016 15:34:21";"858";"273330159";"URY";"УРУГВАЙ";"Восточная Республика Уругвай";"UY";"858";
"21.09.2016 15:35:07";"860";"273330160";"UZB";"УЗБЕКИСТАН";"Республика Узбекистан";"UZ";"860";
"21.09.2016 15:35:09";"862";"273330161";"VEN";"ВЕНЕСУЭЛА, БОЛИВАРИАНСКАЯ РЕСПУБЛИКА";"Боливарианская Республика Венесуэла";"VE";"862";
"21.09.2016 15:35:10";"882";"273330162";"WSM";"САМОА";"Независимое Государство Самоа";"WS";"882";
"21.09.2016 15:35:12";"887";"273330163";"YEM";"ЙЕМЕН";"Йеменская Республика";"YE";"887";
"21.09.2016 15:35:12";"894";"273330164";"ZMB";"ЗАМБИЯ";"Республика Замбия";"ZM";"894";
"21.09.2016 15:35:36";"895";"273330165";"ABH";"АБХАЗИЯ";"Республика Абхазия";"AB";"895";
"21.09.2016 15:35:43";"896";"273330166";"OST";"ЮЖНАЯ ОСЕТИЯ";"Республика Южная Осетия";"OS";"896";
"21.09.2016 15:35:39";"004";"273330167";"AFG";"АФГАНИСТАН";"Переходное Исламское Государство Афганистан";"AF";"004";
"21.09.2016 15:36:49";"008";"273330168";"ALB";"АЛБАНИЯ";"Республика Албания";"AL";"008";
"21.09.2016 15:36:48";"010";"273330169";"ATA";"АНТАРКТИДА";"";"AQ";"010";
"21.09.2016 15:36:47";"012";"273330170";"DZA";"АЛЖИР";"Алжирская Народная Демократическая Республика";"DZ";"012";
"21.09.2016 15:36:47";"016";"273330171";"ASM";"АМЕРИКАНСКОЕ САМОА";"";"AS";"016";
"21.09.2016 15:36:46";"020";"273330172";"AND";"АНДОРРА";"Княжество Андорра";"AD";"020";
"21.09.2016 15:37:47";"024";"273330173";"AGO";"АНГОЛА";"Республика Ангола";"AO";"024";
"21.09.2016 15:37:47";"028";"273330174";"ATG";"АНТИГУА И БАРБУДА";"";"AG";"028";
"21.09.2016 15:37:48";"031";"273330175";"AZE";"АЗЕРБАЙДЖАН";"Республика Азербайджан";"AZ";"031";
"21.09.2016 15:37:49";"032";"273330176";"ARG";"АРГЕНТИНА";"Аргентинская Республика";"AR";"032";
"21.09.2016 15:37:50";"036";"273330177";"AUS";"АВСТРАЛИЯ";"";"AU";"036";
"21.09.2016 15:37:51";"044";"273330178";"BHS";"БАГАМЫ";"Содружество Багамы";"BS";"044";
"21.09.2016 15:37:51";"048";"273330179";"BHR";"БАХРЕЙН";"Королевство Бахрейн";"BH";"048";
"21.09.2016 15:38:47";"050";"273330180";"BGD";"БАНГЛАДЕШ";"Народная Республика Бангладеш";"BD";"050";
"21.09.2016 15:38:47";"051";"273330181";"ARM";"АРМЕНИЯ";"Республика Армения";"AM";"051";
"21.09.2016 15:38:48";"052";"273330182";"BRB";"БАРБАДОС";"";"BB";"052";
"21.09.2016 15:38:50";"056";"273330183";"BEL";"БЕЛЬГИЯ";"Королевство Бельгии";"BE";"056";
"21.09.2016 15:38:50";"060";"273330184";"BMU";"БЕРМУДЫ";"";"BM";"060";
"21.09.2016 15:38:51";"064";"273330185";"BTN";"БУТАН";"Королевство Бутан";"BT";"064";
"21.09.2016 15:38:51";"068";"273330186";"BOL";"БОЛИВИЯ, МНОГОНАЦИОНАЛЬНОЕ ГОСУДАРСТВО";"Многонациональное Государство Боливия";"BO";"068";
"21.09.2016 15:39:56";"070";"273330187";"BIH";"БОСНИЯ И ГЕРЦЕГОВИНА";"";"BA";"070";
"21.09.2016 15:39:57";"072";"273330188";"BWA";"БОТСВАНА";"Республика Ботсвана";"BW";"072";
"21.09.2016 15:39:58";"074";"273330189";"BVT";"ОСТРОВ БУВЕ";"";"BV";"074";
"21.09.2016 15:39:59";"076";"273330190";"BRA";"БРАЗИЛИЯ";"Федеративная Республика Бразилия";"BR";"076";
"21.09.2016 15:40:00";"084";"273330191";"BLZ";"БЕЛИЗ";"";"BZ";"084";
"21.09.2016 15:40:01";"086";"273330192";"IOT";"БРИТАНСКАЯ ТЕРРИТОРИЯ В ИНДИЙСКОМ ОКЕАНЕ";"";"IO";"086";
"21.09.2016 15:41:06";"090";"273330193";"SLB";"СОЛОМОНОВЫ ОСТРОВА";"";"SB";"090";
"21.09.2016 15:41:07";"092";"273330194";"VGB";"ВИРГИНСКИЕ ОСТРОВА, БРИТАНСКИЕ";"Британские Виргинские острова";"VG";"092";
"21.09.2016 15:41:09";"096";"273330195";"BRN";"БРУНЕЙ-ДАРУССАЛАМ";"";"BN";"096";
"21.09.2016 15:41:10";"100";"273330196";"BGR";"БОЛГАРИЯ";"Республика Болгария";"BG";"100";
"21.09.2016 15:41:11";"104";"273330197";"MMR";"МЬЯНМА";"Республика Союза Мьянма";"MM";"104";
"21.09.2016 15:41:11";"108";"273330198";"BDI";"БУРУНДИ";"Республика Бурунди";"BI";"108";
"21.09.2016 15:41:12";"112";"273330199";"BLR";"БЕЛАРУСЬ";"Республика Беларусь";"BY";"112";
"21.09.2016 15:41:12";"116";"273330200";"KHM";"КАМБОДЖА";"Королевство Камбоджа";"KH";"116";
"21.09.2016 15:42:25";"120";"273330201";"CMR";"КАМЕРУН";"Республика Камерун";"CM";"120";
"21.09.2016 15:42:27";"124";"273330202";"CAN";"КАНАДА";"";"CA";"124";
"21.09.2016 15:42:28";"132";"273330203";"CPV";"КАБО-ВЕРДЕ";"Республика Кабо-Верде";"CV";"132";
"21.09.2016 15:42:30";"136";"273330204";"CYM";"ОСТРОВА КАЙМАН";"";"KY";"136";
"21.09.2016 15:42:30";"140";"273330205";"CAF";"ЦЕНТРАЛЬНО-АФРИКАНСКАЯ РЕСПУБЛИКА";"";"CF";"140";
"21.09.2016 15:42:59";"144";"273330206";"LKA";"ШРИ-ЛАНКА";"Демократическая Социалистическая Республика Шри-Ланка";"LK";"144";
"21.09.2016 15:43:03";"152";"273330207";"CHL";"ЧИЛИ";"Республика Чили";"CL";"152";
"21.09.2016 15:43:01";"156";"273330208";"CHN";"КИТАЙ";"Китайская Народная Республика";"CN";"156";
"21.09.2016 15:43:26";"158";"273330209";"TWN";"ТАЙВАНЬ (КИТАЙ)";"";"TW";"158";
"21.09.2016 15:43:29";"162";"273330210";"CXR";"ОСТРОВ РОЖДЕСТВА";"";"CX";"162";
"21.09.2016 15:43:28";"166";"273330211";"CCK";"КОКОСОВЫЕ (КИЛИНГ) ОСТРОВА";"";"CC";"166";
"21.09.2016 15:43:58";"170";"273330212";"COL";"КОЛУМБИЯ";"Республика Колумбия";"CO";"170";
"21.09.2016 15:44:02";"175";"273330213";"MYT";"МАЙОТТА";"";"YT";"175";
"21.09.2016 15:44:00";"178";"273330214";"COG";"КОНГО";"Республика Конго";"CG";"178";
"21.09.2016 15:44:31";"180";"273330215";"COD";"КОНГО, ДЕМОКРАТИЧЕСКАЯ РЕСПУБЛИКА";"Демократическая Республика Конго";"CD";"180";
"21.09.2016 15:44:33";"184";"273330216";"COK";"ОСТРОВА КУКА";"";"CK";"184";
"21.09.2016 15:44:34";"188";"273330217";"CRI";"КОСТА-РИКА";"Республика Коста-Рика";"CR";"188";
"21.09.2016 15:45:15";"191";"273330218";"HRV";"ХОРВАТИЯ";"Республика Хорватия";"HR";"191";
"21.09.2016 15:45:16";"192";"273330219";"CUB";"КУБА";"Республика Куба";"CU";"192";
"21.09.2016 15:45:17";"196";"273330220";"CYP";"КИПР";"Республика Кипр";"CY";"196";
"21.09.2016 15:45:19";"203";"273330221";"CZE";"ЧЕШСКАЯ РЕСПУБЛИКА";"";"CZ";"203";
"21.09.2016 15:45:19";"204";"273330222";"BEN";"БЕНИН";"Республика Бенин";"BJ";"204";
"21.09.2016 15:45:21";"208";"273330223";"DNK";"ДАНИЯ";"Королевство Дания";"DK";"208";
"21.09.2016 15:46:16";"212";"273330224";"DMA";"ДОМИНИКА";"Содружество Доминики";"DM";"212";
"21.09.2016 15:46:17";"214";"273330225";"DOM";"ДОМИНИКАНСКАЯ РЕСПУБЛИКА";"";"DO";"214";
"21.09.2016 15:46:19";"218";"273330226";"ECU";"ЭКВАДОР";"Республика Эквадор";"EC";"218";
"21.09.2016 15:46:21";"222";"273330227";"SLV";"ЭЛЬ-САЛЬВАДОР";"Республика Эль-Сальвадор";"SV";"222";
"21.09.2016 15:46:22";"226";"273330228";"GNQ";"ЭКВАТОРИАЛЬНАЯ ГВИНЕЯ";"Республика Экваториальная Гвинея";"GQ";"226";
"21.09.2016 15:46:22";"231";"273330229";"ETH";"ЭФИОПИЯ";"Федеративная Демократическая Республика Эфиопия";"ET";"231";
"21.09.2016 15:47:27";"232";"273330230";"ERI";"ЭРИТРЕЯ";"Государство Эритрея";"ER";"232";
"21.09.2016 15:47:29";"233";"273330231";"EST";"ЭСТОНИЯ";"Эстонская Республика";"EE";"233";
"21.09.2016 15:47:30";"234";"273330232";"FRO";"ФАРЕРСКИЕ ОСТРОВА";"";"FO";"234";
"21.09.2016 15:47:31";"238";"273330233";"FLK";"ФОЛКЛЕНДСКИЕ ОСТРОВА (МАЛЬВИНСКИЕ)";"";"FK";"238";
"21.09.2016 15:47:32";"239";"273330234";"SGS";"ЮЖНАЯ ДЖОРДЖИЯ И ЮЖНЫЕ САНДВИЧЕВЫ ОСТРОВА";"";"GS";"239";
"21.09.2016 15:47:32";"242";"273330235";"FJI";"ФИДЖИ";"Республика Фиджи";"FJ";"242";
"21.09.2016 15:48:42";"246";"273330236";"FIN";"ФИНЛЯНДИЯ";"Финляндская Республика";"FI";"246";
"21.09.2016 15:48:45";"248";"273330237";"ALA";"ЭЛАНДСКИЕ ОСТРОВА";"";"AX";"248";
"21.09.2016 15:48:47";"250";"273330238";"FRA";"ФРАНЦИЯ";"Французская Республика";"FR";"250";
"21.09.2016 15:48:50";"254";"273330239";"GUF";"ФРАНЦУЗСКАЯ ГВИАНА";"";"GF";"254";
"21.09.2016 15:48:53";"258";"273330240";"PYF";"ФРАНЦУЗСКАЯ ПОЛИНЕЗИЯ";"";"PF";"258";
"21.09.2016 15:48:55";"260";"273330241";"ATF";"ФРАНЦУЗСКИЕ ЮЖНЫЕ ТЕРРИТОРИИ";"";"TF";"260";
"21.09.2016 15:49:57";"262";"273330242";"DJI";"ДЖИБУТИ";"Республика Джибути";"DJ";"262";
"21.09.2016 15:49:58";"268";"273330243";"GEO";"ГРУЗИЯ";"";"GE";"268";
"21.09.2016 15:49:59";"270";"273330244";"GMB";"ГАМБИЯ";"Исламская Республика Гамбия";"GM";"270";
"21.09.2016 15:49:59";"276";"273330245";"DEU";"ГЕРМАНИЯ";"Федеративная Республика Германия";"DE";"276";
"21.09.2016 15:50:00";"288";"273330246";"GHA";"ГАНА";"Республика Гана";"GH";"288";
"21.09.2016 15:50:27";"292";"273330247";"GIB";"ГИБРАЛТАР";"";"GI";"292";
"21.09.2016 15:50:29";"296";"273330248";"KIR";"КИРИБАТИ";"Республика Кирибати";"KI";"296";
"21.09.2016 15:50:28";"300";"273330249";"GRC";"ГРЕЦИЯ";"Греческая Республика";"GR";"300";
"21.09.2016 15:50:57";"304";"273330250";"GRL";"ГРЕНЛАНДИЯ";"";"GL";"304";
"21.09.2016 15:51:02";"308";"273330251";"GRD";"ГРЕНАДА";"";"GD";"308";
"21.09.2016 15:50:59";"316";"273330252";"GUM";"ГУАМ";"";"GU";"316";
"21.09.2016 15:51:39";"320";"273330253";"GTM";"ГВАТЕМАЛА";"Республика Гватемала";"GT";"320";
"21.09.2016 15:51:41";"324";"273330254";"GIN";"ГВИНЕЯ";"Гвинейская Республика";"GN";"324";
"21.09.2016 15:51:42";"328";"273330255";"GUY";"ГАЙАНА";"Республика Гайана";"GY";"328";
"21.09.2016 15:51:43";"332";"273330256";"HTI";"ГАИТИ";"Республика Гаити";"HT";"332";
"21.09.2016 15:51:44";"334";"273330257";"HMD";"ОСТРОВ ХЕРД И ОСТРОВА МАКДОНАЛЬД";"";"HM";"334";
"21.09.2016 15:51:45";"336";"273330258";"VAT";"ПАПСКИЙ ПРЕСТОЛ (ГОСУДАРСТВО-ГОРОД ВАТИКАН)";"";"VA";"336";
"21.09.2016 15:52:47";"344";"273330259";"HKG";"ГОНКОНГ";"Специальный административный регион Китая Гонконг";"HK";"344";
"21.09.2016 15:52:48";"348";"273330260";"HUN";"ВЕНГРИЯ";"Венгрия";"HU";"348";
"21.09.2016 15:52:49";"352";"273330261";"ISL";"ИСЛАНДИЯ";"Республика Исландия";"IS";"352";
"21.09.2016 15:52:50";"356";"273330262";"IND";"ИНДИЯ";"Республика Индия";"IN";"356";
"21.09.2016 15:52:51";"360";"273330263";"IDN";"ИНДОНЕЗИЯ";"Республика Индонезия";"ID";"360";
"21.09.2016 15:52:51";"368";"273330264";"IRQ";"ИРАК";"Республика Ирак";"IQ";"368";
"21.09.2016 15:53:04";"376";"273330265";"ISR";"ИЗРАИЛЬ";"Государство Израиль";"IL";"376";
"21.09.2016 15:53:36";"380";"273330266";"ITA";"ИТАЛИЯ";"Итальянская Республика";"IT";"380";
"21.09.2016 15:53:39";"384";"273330267";"CIV";"КОТ Д`ИВУАР";"Республика Кот д`Ивуар";"CI";"384";
"21.09.2016 15:53:41";"388";"273330268";"JAM";"ЯМАЙКА";"";"JM";"388";
"21.09.2016 15:53:44";"398";"273330269";"KAZ";"КАЗАХСТАН";"Республика Казахстан";"KZ";"398";
"21.09.2016 15:53:45";"400";"273330270";"JOR";"ИОРДАНИЯ";"Иорданское Хашимитское Королевство";"JO";"400";
"21.09.2016 15:53:54";"408";"273330271";"PRK";"КОРЕЯ, НАРОДНО-ДЕМОКРАТИЧЕСКАЯ РЕСПУБЛИКА";"Корейская Народно-Демократическая Республика";"KP";"408";
"21.09.2016 15:54:34";"410";"273330272";"KOR";"КОРЕЯ, РЕСПУБЛИКА";"Республика Корея";"KR";"410";
"21.09.2016 15:54:35";"414";"273330273";"KWT";"КУВЕЙТ";"Государство Кувейт";"KW";"414";
"21.09.2016 15:54:36";"418";"273330274";"LAO";"ЛАОССКАЯ НАРОДНО-ДЕМОКРАТИЧЕСКАЯ РЕСПУБЛИКА";"";"LA";"418";
"21.09.2016 15:54:39";"422";"273330275";"LBN";"ЛИВАН";"Ливанская Республика";"LB";"422";
"21.09.2016 15:54:41";"426";"273330276";"LSO";"ЛЕСОТО";"Королевство Лесото";"LS";"426";
"21.09.2016 15:54:42";"428";"273330277";"LVA";"ЛАТВИЯ";"Латвийская Республика";"LV";"428";
"21.09.2016 15:55:19";"430";"273330278";"LBR";"ЛИБЕРИЯ";"Республика Либерия";"LR";"430";
"21.09.2016 15:55:22";"434";"273330279";"LBY";"ЛИВИЯ";"Ливия";"LY";"434";
"21.09.2016 15:55:21";"438";"273330280";"LIE";"ЛИХТЕНШТЕЙН";"Княжество Лихтенштейн";"LI";"438";
"21.09.2016 15:55:58";"440";"273330281";"LTU";"ЛИТВА";"Литовская Республика";"LT";"440";
"21.09.2016 15:56:00";"442";"273330282";"LUX";"ЛЮКСЕМБУРГ";"Великое Герцогство Люксембург";"LU";"442";
"21.09.2016 15:56:01";"446";"273330283";"MAC";"МАКАО";"Специальный административный регион Китая Макао";"MO";"446";
"21.09.2016 15:56:02";"450";"273330284";"MDG";"МАДАГАСКАР";"Республика Мадагаскар";"MG";"450";
"21.09.2016 15:56:03";"454";"273330285";"MWI";"МАЛАВИ";"Республика Малави";"MW";"454";
"21.09.2016 15:56:04";"458";"273330286";"MYS";"МАЛАЙЗИЯ";"";"MY";"458";
"21.09.2016 15:56:29";"462";"273330287";"MDV";"МАЛЬДИВЫ";"Мальдивская Республика";"MV";"462";
"21.09.2016 15:56:33";"466";"273330288";"MLI";"МАЛИ";"Республика Мали";"ML";"466";
"21.09.2016 15:56:31";"474";"273330289";"MTQ";"МАРТИНИКА";"";"MQ";"474";
"21.09.2016 15:57:03";"478";"273330290";"MRT";"МАВРИТАНИЯ";"Исламская Республика Мавритания";"MR";"478";
"21.09.2016 15:57:07";"480";"273330291";"MUS";"МАВРИКИЙ";"Республика Маврикий";"MU";"480";
"21.09.2016 15:57:04";"484";"273330292";"MEX";"МЕКСИКА";"Мексиканские Соединенные Штаты";"MX";"484";
"21.09.2016 15:57:42";"492";"273330293";"MCO";"МОНАКО";"Княжество Монако";"MC";"492";
"21.09.2016 15:57:43";"496";"273330294";"MNG";"МОНГОЛИЯ";"";"MN";"496";
"21.09.2016 15:57:44";"498";"273330295";"MDA";"МОЛДОВА, РЕСПУБЛИКА";"Республика Молдова";"MD";"498";
"21.09.2016 15:57:44";"499";"273330296";"MNE";"ЧЕРНОГОРИЯ";"";"ME";"499";
"21.09.2016 15:57:45";"500";"273330297";"MSR";"МОНТСЕРРАТ";"";"MS";"500";
"21.09.2016 15:57:45";"504";"273330298";"MAR";"МАРОККО";"Королевство Марокко";"MA";"504";
"21.09.2016 15:58:52";"512";"273330299";"OMN";"ОМАН";"Султанат Оман";"OM";"512";
"21.09.2016 15:58:54";"516";"273330300";"NAM";"НАМИБИЯ";"Республика Намибия";"NA";"516";
"21.09.2016 15:58:54";"520";"273330301";"NRU";"НАУРУ";"Республика Науру";"NR";"520";
"21.09.2016 15:58:53";"524";"273330302";"NPL";"НЕПАЛ";"Федеративная Демократическая Республика Непал";"NP";"524";
"21.09.2016 15:58:53";"528";"273330303";"NLD";"НИДЕРЛАНДЫ";"Королевство Нидерландов";"NL";"528";
"21.09.2016 15:58:52";"531";"273330304";"CUW";"КЮРАСАО";"";"CW";"531";
"21.09.2016 16:00:03";"534";"273330305";"SXM";"СЕН-МАРТЕН (нидерландская часть)";"";"SX";"534";
"21.09.2016 16:00:05";"535";"273330306";"BES";"БОНЭЙР, СИНТ-ЭСТАТИУС И САБА";"";"BQ";"535";
"21.09.2016 16:00:06";"548";"273330307";"VUT";"ВАНУАТУ";"Республика Вануату";"VU";"548";
"21.09.2016 16:00:07";"554";"273330308";"NZL";"НОВАЯ ЗЕЛАНДИЯ";"";"NZ";"554";
"21.09.2016 16:00:08";"558";"273330309";"NIC";"НИКАРАГУА";"Республика Никарагуа";"NI";"558";
"21.09.2016 16:00:08";"562";"273330310";"NER";"НИГЕР";"Республика Нигер";"NE";"562";
"21.09.2016 16:00:09";"566";"273330311";"NGA";"НИГЕРИЯ";"Федеративная Республика Нигерия";"NG";"566";
"21.09.2016 16:01:16";"570";"273330312";"NIU";"НИУЭ";"Ниуэ";"NU";"570";
"21.09.2016 16:01:17";"574";"273330313";"NFK";"ОСТРОВ НОРФОЛК";"";"NF";"574";
"21.09.2016 16:01:17";"578";"273330314";"NOR";"НОРВЕГИЯ";"Королевство Норвегия";"NO";"578";
"21.09.2016 16:01:18";"580";"273330315";"MNP";"СЕВЕРНЫЕ МАРИАНСКИЕ ОСТРОВА";"Содружество Северных Марианских островов";"MP";"580";
"21.09.2016 16:01:18";"581";"273330316";"UMI";"МАЛЫЕ ТИХООКЕАНСКИЕ ОТДАЛЕННЫЕ ОСТРОВА СОЕДИНЕННЫХ ШТАТОВ";"";"UM";"581";
"21.09.2016 16:01:19";"583";"273330317";"FSM";"МИКРОНЕЗИЯ, ФЕДЕРАТИВНЫЕ ШТАТЫ";"Федеративные Штаты Микронезии";"FM";"583";
"21.09.2016 16:01:19";"584";"273330318";"MHL";"МАРШАЛЛОВЫ ОСТРОВА";"Республика Маршалловы Острова";"MH";"584";
"21.09.2016 16:02:18";"585";"273330319";"PLW";"ПАЛАУ";"Республика Палау";"PW";"585";
"21.09.2016 16:02:20";"586";"273330320";"PAK";"ПАКИСТАН";"Исламская Республика Пакистан";"PK";"586";
"21.09.2016 16:02:21";"591";"273330321";"PAN";"ПАНАМА";"Республика Панама";"PA";"591";
"21.09.2016 16:02:23";"598";"273330322";"PNG";"ПАПУА НОВАЯ ГВИНЕЯ";"Независимое Государство Папуа Новая Гвинея";"PG";"598";
"21.09.2016 16:02:24";"600";"273330323";"PRY";"ПАРАГВАЙ";"Республика Парагвай";"PY";"600";
"21.09.2016 16:02:25";"604";"273330324";"PER";"ПЕРУ";"Республика Перу";"PE";"604";
"21.09.2016 16:03:14";"608";"273330325";"PHL";"ФИЛИППИНЫ";"Республика Филиппины";"PH";"608";
"21.09.2016 16:03:19";"612";"273330326";"PCN";"ПИТКЕРН";"";"PN";"612";
"21.09.2016 16:03:18";"616";"273330327";"POL";"ПОЛЬША";"Республика Польша";"PL";"616";
"21.09.2016 16:03:16";"620";"273330328";"PRT";"ПОРТУГАЛИЯ";"Португальская Республика";"PT";"620";
"21.09.2016 16:03:15";"624";"273330329";"GNB";"ГВИНЕЯ-БИСАУ";"Республика Гвинея-Бисау";"GW";"624";
"21.09.2016 16:04:29";"626";"273330330";"TLS";"ТИМОР-ЛЕСТЕ";"Демократическая Республика Тимор-Лесте";"TL";"626";
"21.09.2016 16:04:30";"630";"273330331";"PRI";"ПУЭРТО-РИКО";"";"PR";"630";
"21.09.2016 16:04:32";"634";"273330332";"QAT";"КАТАР";"Государство Катар";"QA";"634";
"21.09.2016 16:04:33";"638";"273330333";"REU";"РЕЮНЬОН";"";"RE";"638";
"21.09.2016 16:04:34";"642";"273330334";"ROU";"РУМЫНИЯ";"";"RO";"642";
"21.09.2016 16:04:35";"643";"273330335";"RUS";"РОССИЯ";"Российская Федерация";"RU";"643";
"21.09.2016 16:04:35";"646";"273330336";"RWA";"РУАНДА";"Руандийская Республика";"RW";"646";
"21.09.2016 16:05:29";"652";"273330337";"BLM";"СЕН-БАРТЕЛЕМИ";"";"BL";"652";
"21.09.2016 16:05:31";"654";"273330338";"SHN";"СВЯТАЯ ЕЛЕНА, ОСТРОВ ВОЗНЕСЕНИЯ, ТРИСТАН-ДА-КУНЬЯ";"";"SH";"654";
"21.09.2016 16:05:32";"659";"273330339";"KNA";"СЕНТ-КИТС И НЕВИС";"";"KN";"659";
"21.09.2016 16:05:33";"660";"273330340";"AIA";"АНГИЛЬЯ";"";"AI";"660";
"21.09.2016 16:05:30";"662";"273330341";"LCA";"СЕНТ-ЛЮСИЯ";"";"LC";"662";
"21.09.2016 16:05:30";"663";"273330342";"MAF";"СЕН-МАРТЕН";"";"MF";"663";
"21.09.2016 16:06:28";"666";"273330343";"SPM";"СЕНТ-ПЬЕР И МИКЕЛОН";"";"PM";"666";
"21.09.2016 16:06:27";"670";"273330344";"VCT";"СЕНТ-ВИНСЕНТ И ГРЕНАДИНЫ";"";"VC";"670";
"21.09.2016 16:06:26";"674";"273330345";"SMR";"САН-МАРИНО";"Республика Сан-Марино";"SM";"674";
"21.09.2016 16:06:26";"678";"273330346";"STP";"САН-ТОМЕ И ПРИНСИПИ";"Демократическая Республика Сан-Томе и Принсипи";"ST";"678";
"21.09.2016 16:06:25";"682";"273330347";"SAU";"САУДОВСКАЯ АРАВИЯ";"Королевство Саудовская Аравия";"SA";"682";
"21.09.2016 16:06:30";"686";"273330348";"SEN";"СЕНЕГАЛ";"Республика Сенегал";"SN";"686";
"21.09.2016 16:06:29";"688";"273330349";"SRB";"СЕРБИЯ";"Республика Сербия";"RS";"688";
"21.09.2016 16:07:37";"690";"273330350";"SYC";"СЕЙШЕЛЫ";"Республика Сейшелы";"SC";"690";
"21.09.2016 16:07:37";"694";"273330351";"SLE";"СЬЕРРА-ЛЕОНЕ";"Республика Сьерра-Леоне";"SL";"694";
